{
  "config": "routed_models",
  "arch": "fc_loop",
  "mode": "live",
  "offline": false,
  "repeats": 1,
  "n_cases_selected": 98,
  "n_runs": 98,
  "passed": {
    "num": 45,
    "den": 98,
    "display": "45/98",
    "rate": 0.45918367346938777
  },
  "task_completion": {
    "num": 98,
    "den": 98,
    "display": "98/98",
    "rate": 1.0
  },
  "route_accuracy": {
    "num": 78,
    "den": 98,
    "display": "78/98",
    "rate": 0.7959183673469388
  },
  "forbidden_tool_rate": {
    "num": 5,
    "den": 98,
    "display": "5/98",
    "rate": 0.05102040816326531
  },
  "duplicate_call_rate": {
    "num": 0,
    "den": 98,
    "display": "0/98",
    "rate": 0.0
  },
  "loop_exhaustion_rate": {
    "num": 1,
    "den": 98,
    "display": "1/98",
    "rate": 0.01020408163265306
  },
  "schema_failure_rate": {
    "num": 0,
    "den": 98,
    "display": "0/98",
    "rate": 0.0
  },
  "hard_gate": {
    "total": 0,
    "passed": 0,
    "failed_case_ids": []
  },
  "gate_passed": true,
  "constraints": {
    "num": 247,
    "den": 321,
    "display": "247/321",
    "rate": 0.7694704049844237
  },
  "grounded_rate": {
    "num": 218,
    "den": 302,
    "display": "218/302",
    "rate": 0.7218543046357616
  },
  "money_grounded_rate": {
    "num": 156,
    "den": 192,
    "display": "156/192",
    "rate": 0.8125
  },
  "contradicted_claims": 12,
  "source_coverage": {
    "num": 176,
    "den": 302,
    "display": "176/302",
    "rate": 0.5827814569536424
  },
  "critic_triggers": 111,
  "critic_repairs": 14,
  "latency_ms": {
    "mean": 8187.306573470147,
    "p50": 4631.549700017786,
    "p95": 28271.440289993174,
    "n": 98
  },
  "node_latency_by_kind": {
    "extract_preferences": {
      "sum_ms": 59.118999692145735,
      "max_ms": 9.30289999814704,
      "count": 98
    },
    "guard": {
      "sum_ms": 12.206800049170852,
      "max_ms": 2.2146999835968018,
      "count": 98
    },
    "agent": {
      "sum_ms": 494217.3408004455,
      "max_ms": 6355.244099977426,
      "count": 240
    },
    "execute_tools": {
      "sum_ms": 269981.1667004833,
      "max_ms": 24663.68669999065,
      "count": 142
    },
    "critic": {
      "sum_ms": 34290.151199907996,
      "max_ms": 3983.9078999939375,
      "count": 97
    },
    "format_output_fc": {
      "sum_ms": 14.639500062912703,
      "max_ms": 0.34440000308677554,
      "count": 98
    }
  },
  "slowest_cases": [
    {
      "run_id": "E1#r1#routed_models",
      "case_id": "E1",
      "category": "E_multi_constraint",
      "config": "routed_models",
      "latency_ms": 53625.25749998167,
      "llm_calls": 11,
      "tool_batches": 8,
      "spans": [
        {
          "node": "extract_preferences",
          "ms": 0.49240002408623695,
          "seq": 0
        },
        {
          "node": "guard",
          "ms": 0.09780004620552063,
          "seq": 1
        },
        {
          "node": "agent",
          "ms": 1673.7961000180803,
          "seq": 2
        },
        {
          "node": "execute_tools",
          "ms": 4909.669000015128,
          "seq": 3
        },
        {
          "node": "agent",
          "ms": 2566.406400001142,
          "seq": 4
        },
        {
          "node": "execute_tools",
          "ms": 31.299800029955804,
          "seq": 5
        },
        {
          "node": "agent",
          "ms": 2301.44960002508,
          "seq": 6
        },
        {
          "node": "execute_tools",
          "ms": 1466.9499000301585,
          "seq": 7
        },
        {
          "node": "agent",
          "ms": 2310.458199994173,
          "seq": 8
        },
        {
          "node": "execute_tools",
          "ms": 14063.155100040603,
          "seq": 9
        },
        {
          "node": "agent",
          "ms": 1697.6219000061974,
          "seq": 10
        },
        {
          "node": "execute_tools",
          "ms": 7699.801499955356,
          "seq": 11
        },
        {
          "node": "agent",
          "ms": 2154.3534999946132,
          "seq": 12
        },
        {
          "node": "execute_tools",
          "ms": 0.46229996951296926,
          "seq": 13
        },
        {
          "node": "agent",
          "ms": 2055.98619999364,
          "seq": 14
        },
        {
          "node": "execute_tools",
          "ms": 0.3948000376112759,
          "seq": 15
        },
        {
          "node": "agent",
          "ms": 1629.3181999935769,
          "seq": 16
        },
        {
          "node": "execute_tools",
          "ms": 33.36590004619211,
          "seq": 17
        },
        {
          "node": "agent",
          "ms": 2781.213400012348,
          "seq": 18
        },
        {
          "node": "execute_tools",
          "ms": 1322.3605999955907,
          "seq": 19
        },
        {
          "node": "agent",
          "ms": 1813.4679999784566,
          "seq": 20
        },
        {
          "node": "execute_tools",
          "ms": 1221.1294999578968,
          "seq": 21
        },
        {
          "node": "agent",
          "ms": 1827.7313000289723,
          "seq": 22
        },
        {
          "node": "critic",
          "ms": 4.9733000341802835,
          "seq": 23
        },
        {
          "node": "format_output_fc",
          "ms": 0.14620000729337335,
          "seq": 24
        }
      ]
    },
    {
      "run_id": "E11#r1#routed_models",
      "case_id": "E11",
      "category": "E_multi_constraint",
      "config": "routed_models",
      "latency_ms": 52894.51370004099,
      "llm_calls": 6,
      "tool_batches": 2,
      "spans": [
        {
          "node": "extract_preferences",
          "ms": 0.6777999806217849,
          "seq": 0
        },
        {
          "node": "guard",
          "ms": 0.12119999155402184,
          "seq": 1
        },
        {
          "node": "agent",
          "ms": 1815.995600016322,
          "seq": 2
        },
        {
          "node": "execute_tools",
          "ms": 4220.574100036174,
          "seq": 3
        },
        {
          "node": "agent",
          "ms": 2160.81180004403,
          "seq": 4
        },
        {
          "node": "execute_tools",
          "ms": 20011.107600003015,
          "seq": 5
        },
        {
          "node": "agent",
          "ms": 1522.063700016588,
          "seq": 6
        },
        {
          "node": "execute_tools",
          "ms": 0.3019999712705612,
          "seq": 7
        },
        {
          "node": "agent",
          "ms": 1291.473200020846,
          "seq": 8
        },
        {
          "node": "execute_tools",
          "ms": 15770.438099978492,
          "seq": 9
        },
        {
          "node": "agent",
          "ms": 867.2824999666773,
          "seq": 10
        },
        {
          "node": "execute_tools",
          "ms": 1.34240003535524,
          "seq": 11
        },
        {
          "node": "agent",
          "ms": 5176.797299995087,
          "seq": 12
        },
        {
          "node": "critic",
          "ms": 4.447099985554814,
          "seq": 13
        },
        {
          "node": "format_output_fc",
          "ms": 0.27359998784959316,
          "seq": 14
        }
      ]
    },
    {
      "run_id": "E6#r1#routed_models",
      "case_id": "E6",
      "category": "E_multi_constraint",
      "config": "routed_models",
      "latency_ms": 42473.16100000171,
      "llm_calls": 6,
      "tool_batches": 4,
      "spans": [
        {
          "node": "extract_preferences",
          "ms": 0.7168999873101711,
          "seq": 0
        },
        {
          "node": "guard",
          "ms": 0.09759998647496104,
          "seq": 1
        },
        {
          "node": "agent",
          "ms": 1900.0734000001103,
          "seq": 2
        },
        {
          "node": "execute_tools",
          "ms": 3570.6952000036836,
          "seq": 3
        },
        {
          "node": "agent",
          "ms": 2806.98689998826,