{
  "config": "routed_models",
  "arch": "fc_loop",
  "mode": "live",
  "offline": false,
  "repeats": 1,
  "n_cases_selected": 14,
  "n_runs": 14,
  "passed": {
    "num": 13,
    "den": 14,
    "display": "13/14",
    "rate": 0.9285714285714286
  },
  "task_completion": {
    "num": 14,
    "den": 14,
    "display": "14/14",
    "rate": 1.0
  },
  "route_accuracy": {
    "num": 10,
    "den": 14,
    "display": "10/14",
    "rate": 0.7142857142857143
  },
  "forbidden_tool_rate": {
    "num": 0,
    "den": 14,
    "display": "0/14",
    "rate": 0.0
  },
  "duplicate_call_rate": {
    "num": 0,
    "den": 14,
    "display": "0/14",
    "rate": 0.0
  },
  "loop_exhaustion_rate": {
    "num": 0,
    "den": 14,
    "display": "0/14",
    "rate": 0.0
  },
  "schema_failure_rate": {
    "num": 0,
    "den": 14,
    "display": "0/14",
    "rate": 0.0
  },
  "hard_gate": {
    "total": 14,
    "passed": 13,
    "failed_case_ids": [
      "H2"
    ]
  },
  "gate_passed": false,
  "constraints": {
    "num": 28,
    "den": 29,
    "display": "28/29",
    "rate": 0.9655172413793104
  },
  "grounded_rate": {
    "num": 11,
    "den": 12,
    "display": "11/12",
    "rate": 0.9166666666666666
  },
  "money_grounded_rate": {
    "num": 9,
    "den": 9,
    "display": "9/9",
    "rate": 1.0
  },
  "contradicted_claims": 0,
  "source_coverage": {
    "num": 10,
    "den": 12,
    "display": "10/12",
    "rate": 0.8333333333333334
  },
  "critic_triggers": 13,
  "critic_repairs": 1,
  "latency_ms": {
    "mean": 10407.328549992859,
    "p50": 5407.767700002296,
    "p95": 36671.975869993905,
    "n": 14
  },
  "node_latency_by_kind": {
    "extract_preferences": {
      "sum_ms": 4.145499900914729,
      "max_ms": 1.878499984741211,
      "count": 14
    },
    "guard": {
      "sum_ms": 2.4152000551111996,
      "max_ms": 1.7238000291399658,
      "count": 14
    },
    "agent": {
      "sum_ms": 57502.71849986166,
      "max_ms": 4053.7161999964155,
      "count": 27
    },
    "execute_tools": {
      "sum_ms": 67156.65779996198,
      "max_ms": 44201.17970003048,
      "count": 15
    },
    "critic": {
      "sum_ms": 20010.306200012565,
      "max_ms": 19957.235099980608,
      "count": 12
    },
    "format_output_fc": {
      "sum_ms": 1.2628997792489827,
      "max_ms": 0.2665999927558005,
      "count": 14
    }
  },
  "slowest_cases": [
    {
      "run_id": "H2#r1#routed_models",
      "case_id": "H2",
      "category": "H_guard_regression",
      "config": "routed_models",
      "latency_ms": 49096.380200004205,
      "llm_calls": 3,
      "tool_batches": 0,
      "spans": [
        {
          "node": "extract_preferences",
          "ms": 0.24389999452978373,
          "seq": 0
        },
        {
          "node": "guard",
          "ms": 0.04989997250959277,
          "seq": 1
        },
        {
          "node": "agent",
          "ms": 1643.6063000001013,
          "seq": 2
        },
        {
          "node": "execute_tools",
          "ms": 44201.17970003048,
          "seq": 3
        },
        {
          "node": "agent",
          "ms": 1569.0423999913037,
          "seq": 4
        },
        {
          "node": "execute_tools",
          "ms": 0.28849998489022255,
          "seq": 5
        },
        {
          "node": "agent",
          "ms": 1627.695900038816,
          "seq": 6
        },
        {
          "node": "critic",
          "ms": 0.6290999590419233,
          "seq": 7
        },
        {
          "node": "format_output_fc",
          "ms": 0.050200033001601696,
          "seq": 8
        }
      ]
    },
    {
      "run_id": "H3#r1#routed_models",
      "case_id": "H3",
      "category": "H_guard_regression",
      "config": "routed_models",
      "latency_ms": 29981.91199998837,
      "llm_calls": 4,
      "tool_batches": 2,
      "spans": [
        {
          "node": "extract_preferences",
          "ms": 0.16230001347139478,
          "seq": 0
        },
        {
          "node": "guard",
          "ms": 0.0377000542357564,
          "seq": 1
        },
        {
          "node": "agent",
          "ms": 1067.1373999794014,
          "seq": 2
        },
        {
          "node": "execute_tools",
          "ms": 2041.0885000019334,
          "seq": 3
        },
        {
          "node": "agent",
          "ms": 1087.1524999965914,
          "seq": 4
        },
        {
          "node": "execute_tools",
          "ms": 2046.9737999956124,
          "seq": 5
        },
        {
          "node": "agent",
          "ms": 3752.89000000339,
          "seq": 6
        },
        {
          "node": "critic",
          "ms": 19957.235099980608,
          "seq": 7
        },
        {
          "node": "format_output_fc",
          "ms": 0.06560003384947777,
          "seq": 8
        }
      ]
    },
    {
      "run_id": "H13#r1#routed_models",
      "case_id": "H13",
      "category": "H_guard_regression",
      "config": "routed_models",
      "latency_ms": 13044.33639999479,
      "llm_calls": 4,
      "tool_batches": 2,
      "spans": [
        {
          "node": "extract_preferences",
          "ms": 0.16340002184733748,
          "seq": 0
        },
        {
          "node": "guard",
          "ms": 0.044199987314641476,
          "seq": 1
        },
        {
          "node": "agent",
          "ms": 1881.4108000369743,
          "seq": 2
        },
        {
          "node": "execute_tools",
          "ms": 3096.8679999932647,
          "seq": 3
        },
        {
          "node": "agent",
          "ms": 2367.1062999637797,
          "seq": 4
        },
        {
          "node": "execute_tools",
          "ms": 26.202499982900918,
          "seq": 5
        },
        {
          "node": "agent",
          "ms": 1813.7125999783166,
          "seq": 6
        },
        {
          "node": "execute_tools",
          "ms": 9.173400001600385,
          "seq": 7
        },
        {
          "node": "agent",
          "ms": 3783.0295999883674,
          "seq": 8
        },
        {
          "node": "critic",
          "ms": 17.879199993330985,
          "seq": 9
        },
        {
          "node": "format_output_fc",
          "ms": 0.09019998833537102,
          "seq": 10
        }
      ]
    },
    {
      "run_id": "H5#r1#routed_models",
      "case_id": "H5",
      "category": "H_guard_regression",
      "config": "routed_models",
      "latency_ms": 11408.036899985746,
      "llm_calls": 2,
      "tool_batches": 1,
      "spans": [
        {
          "node": "extract_preferences",
          "ms": 0.15600002370774746,
          "seq": 0
        },
        {
          "node": "guard",
          "ms": 0.08359999628737569,
          "seq": 1
        },
        {
          "node": "agent",
          "ms": 1507.059300027322,
          "seq": 2
        },
        {
          "node": "execute_tools",
          "ms": 5956.28260000376,
          "seq": 3
        },
        {
          "node": "agent",
          "ms": 3750.432599976193,
          "seq": 4
        },
        {
          "node": "critic",
          "ms": 14.982399996370077,
          "seq": 5
        },
        {
          "node": "format_output_fc",
          "ms": 0.08239998714998364,
          "seq": 6
        }
      ]
    },
    {
      "run_id": "H1#r1#routed_models",
      "case_id": "H1",
      "category": "H_guard_regression",
      "config": "routed_models",
      "latency_ms": 10662.62999997707,
      "llm_calls": 2,
      "tool_batches": 1,
      "spans": [
        {
          "node": "extract_preferences",
          "ms": 1.878499984741211,
          "seq": 0
        },
        {
          "node": "guard",
          "ms": 1.7238000291399658,
          "seq": 1
        },
        {
          "node": "agent",
          "ms": 3511.573199997656,
          "seq": 2
        },
        {
          "node": "execute_tools",
          "ms": 5135.944399982691,