{
  "config": "routed_models",
  "arch": "legacy",
  "mode": "live",
  "offline": false,
  "repeats": 1,
  "n_cases_selected": 98,
  "n_runs": 98,
  "passed": {
    "num": 32,
    "den": 98,
    "display": "32/98",
    "rate": 0.32653061224489793
  },
  "task_completion": {
    "num": 98,
    "den": 98,
    "display": "98/98",
    "rate": 1.0
  },
  "route_accuracy": {
    "num": 55,
    "den": 98,
    "display": "55/98",
    "rate": 0.5612244897959183
  },
  "forbidden_tool_rate": {
    "num": 5,
    "den": 98,
    "display": "5/98",
    "rate": 0.05102040816326531
  },
  "duplicate_call_rate": {
    "num": 0,
    "den": 98,
    "display": "0/98",
    "rate": 0.0
  },
  "loop_exhaustion_rate": {
    "num": 0,
    "den": 98,
    "display": "0/98",
    "rate": 0.0
  },
  "schema_failure_rate": {
    "num": 0,
    "den": 98,
    "display": "0/98",
    "rate": 0.0
  },
  "hard_gate": {
    "total": 0,
    "passed": 0,
    "failed_case_ids": []
  },
  "gate_passed": true,
  "constraints": {
    "num": 208,
    "den": 321,
    "display": "208/321",
    "rate": 0.6479750778816199
  },
  "grounded_rate": {
    "num": 125,
    "den": 170,
    "display": "125/170",
    "rate": 0.7352941176470589
  },
  "money_grounded_rate": {
    "num": 101,
    "den": 117,
    "display": "101/117",
    "rate": 0.8632478632478633
  },
  "contradicted_claims": 1,
  "source_coverage": {
    "num": 95,
    "den": 170,
    "display": "95/170",
    "rate": 0.5588235294117647
  },
  "critic_triggers": 73,
  "critic_repairs": 8,
  "latency_ms": {
    "mean": 3942.5822020394307,
    "p50": 2233.1649500119966,
    "p95": 10326.613075015475,
    "n": 98
  },
  "node_latency_by_kind": {
    "extract_preferences": {
      "sum_ms": 57.30879993643612,
      "max_ms": 5.896500020753592,
      "count": 98
    },
    "decide_tool": {
      "sum_ms": 100475.09600006742,
      "max_ms": 4707.654599973466,
      "count": 98
    },
    "execute_tool": {
      "sum_ms": 66784.97259994037,
      "max_ms": 28115.089499973692,
      "count": 59
    },
    "format_output": {
      "sum_ms": 10.74340014019981,
      "max_ms": 0.34280004911124706,
      "count": 98
    },
    "generate_response": {
      "sum_ms": 168477.55769989453,
      "max_ms": 6967.960099980701,
      "count": 65
    },
    "critic": {
      "sum_ms": 19931.39290000545,
      "max_ms": 4519.079799996689,
      "count": 65
    },
    "dispatch_tasks": {
      "sum_ms": 0.39529986679553986,
      "max_ms": 0.07579999510198832,
      "count": 17
    },
    "task_worker": {
      "sum_ms": 58485.6077998993,
      "max_ms": 2097.8543999954127,
      "count": 80
    },
    "gather_wave": {
      "sum_ms": 1.8753999029286206,
      "max_ms": 0.2030999748967588,
      "count": 17
    },
    "reflect": {
      "sum_ms": 1817.8085000254214,
      "max_ms": 629.3025999912061,
      "count": 16
    },
    "build_execution_plan": {
      "sum_ms": 3934.643300017342,
      "max_ms": 1662.5014999881387,
      "count": 3
    }
  },
  "slowest_cases": [
    {
      "run_id": "A1#r1#routed_models",
      "case_id": "A1",
      "category": "A_retrieval",
      "config": "routed_models",
      "latency_ms": 30525.356800004374,
      "llm_calls": 0,
      "tool_batches": 1,
      "spans": [
        {
          "node": "extract_preferences",
          "ms": 5.896500020753592,
          "seq": 0
        },
        {
          "node": "decide_tool",
          "ms": 0.11729996185749769,
          "seq": 1
        },
        {
          "node": "execute_tool",
          "ms": 28115.089499973692,
          "seq": 2
        },
        {
          "node": "format_output",
          "ms": 0.16359996516257524,
          "seq": 3
        }
      ]
    },
    {
      "run_id": "A3#r1#routed_models",
      "case_id": "A3",
      "category": "A_retrieval",
      "config": "routed_models",
      "latency_ms": 13271.774899971206,
      "llm_calls": 1,
      "tool_batches": 1,
      "spans": [
        {
          "node": "extract_preferences",
          "ms": 0.7551000453531742,
          "seq": 0
        },
        {
          "node": "decide_tool",
          "ms": 0.07790001109242439,
          "seq": 1
        },
        {
          "node": "execute_tool",
          "ms": 9473.700600035954,
          "seq": 2
        },
        {
          "node": "generate_response",
          "ms": 3768.3580000302754,
          "seq": 3
        },
        {
          "node": "critic",
          "ms": 0.8820000221021473,
          "seq": 4
        },
        {
          "node": "format_output",
          "ms": 0.089899986051023,
          "seq": 5
        }
      ]
    },
    {
      "run_id": "B5#r1#routed_models",
      "case_id": "B5",
      "category": "B_money",
      "config": "routed_models",
      "latency_ms": 12829.14869999513,
      "llm_calls": 4,
      "tool_batches": 5,
      "spans": [
        {
          "node": "extract_preferences",
          "ms": 0.18370000179857016,
          "seq": 0
        },
        {
          "node": "decide_tool",
          "ms": 3375.1285999896936,
          "seq": 1
        },
        {
          "node": "dispatch_tasks",
          "ms": 0.015700003132224083,
          "seq": 2
        },
        {
          "node": "task_worker",
          "ms": 5.368899961467832,
          "seq": 3
        },
        {
          "node": "task_worker",
          "ms": 10.18450001720339,
          "seq": 4
        },
        {
          "node": "task_worker",
          "ms": 2073.591399996076,
          "seq": 5
        },
        {
          "node": "task_worker",
          "ms": 2074.2612999747507,
          "seq": 6
        },
        {
          "node": "task_worker",
          "ms": 2088.5616000159644,
          "seq": 7
        },
        {
          "node": "gather_wave",
          "ms": 0.10489998385310173,
          "seq": 8
        },
        {
          "node": "generate_response",
          "ms": 4014.1956000006758,
          "seq": 9
        },
        {
          "node": "critic",
          "ms": 3319.9829000514,
          "seq": 10
        },
        {
          "node": "format_output",
          "ms": 0.10870001278817654,
          "seq": 11
        }
      ]
    },
    {
      "run_id": "B4#r1#routed_models",
      "case_id": "B4",
      "category": "B_money",
      "config": "routed_models",
      "latency_ms": 12798.688200011384,
      "llm_calls": 4,
      "tool_batches": 5,
      "spans": [
        {
          "node": "extract_preferences",
          "ms": 0.9413000079803169,
          "seq": 0
        },
        {
          "node": "decide_tool",
          "ms": 4707.654599973466,
          "seq": 1
        },
        {
          "node": "dispatch_tasks",
          "ms": 0.0241999514400959,
          "seq": 2
        },
        {
          "node": "task_worker",
          "ms": 2052.394700003788,
          "seq": 3
        },
        {
          "node": "task_worker",
          "ms": 2052.840300020762,
          "seq": 4
        },
        {
          "node": "task_worker",
          "ms": 2053.5534999798983,
          "seq": 5
        },
        {
          "node": "task_worker",
          "ms": 2066.751500009559,
          "seq": 6
        },
        {
          "node": "task_worker",
          "ms": 2081.7081999848597,
          "seq": 7
        },
        {
          "node": "gather_wave",
          "ms": 0.07119996007531881,
          "seq": 8
        },
        {
          "node": "generate_response",
          "ms": 3884.760199987795,
          "seq": 9
        },
        {
          "node": "critic",
          "ms": 2091.8326000100933,
          "seq": 10
        },
        {
          "node": "format_output",
          "ms": 0.08319999324157834,
          "seq": 11
        }
      ]
    },
    {
      "run_id": "B3#r1#routed_models",
      "case_id": "B3",
      "category": "B_money",
      "config": "routed_models",
      "latency_ms": 11193.48259997787,
      "llm_calls": 3,
      "tool_batches": 5,