{
  "config": "routed_models",
  "arch": "fc_loop",
  "mode": "live",
  "offline": false,
  "repeats": 1,
  "n_cases_selected": 14,
  "n_runs": 14,
  "passed": {
    "num": 9,
    "den": 14,
    "display": "9/14",
    "rate": 0.6428571428571429
  },
  "task_completion": {
    "num": 14,
    "den": 14,
    "display": "14/14",
    "rate": 1.0
  },
  "route_accuracy": {
    "num": 9,
    "den": 14,
    "display": "9/14",
    "rate": 0.6428571428571429
  },
  "forbidden_tool_rate": {
    "num": 0,
    "den": 14,
    "display": "0/14",
    "rate": 0.0
  },
  "duplicate_call_rate": {
    "num": 0,
    "den": 14,
    "display": "0/14",
    "rate": 0.0
  },
  "loop_exhaustion_rate": {
    "num": 1,
    "den": 14,
    "display": "1/14",
    "rate": 0.07142857142857142
  },
  "schema_failure_rate": {
    "num": 0,
    "den": 14,
    "display": "0/14",
    "rate": 0.0
  },
  "hard_gate": {
    "total": 14,
    "passed": 9,
    "failed_case_ids": [
      "H2",
      "H5",
      "H6",
      "H8",
      "H13"
    ]
  },
  "gate_passed": false,
  "constraints": {
    "num": 23,
    "den": 29,
    "display": "23/29",
    "rate": 0.7931034482758621
  },
  "grounded_rate": {
    "num": 9,
    "den": 17,
    "display": "9/17",
    "rate": 0.5294117647058824
  },
  "money_grounded_rate": {
    "num": 8,
    "den": 16,
    "display": "8/16",
    "rate": 0.5
  },
  "contradicted_claims": 0,
  "source_coverage": {
    "num": 9,
    "den": 17,
    "display": "9/17",
    "rate": 0.5294117647058824
  },
  "critic_triggers": 12,
  "critic_repairs": 1,
  "latency_ms": {
    "mean": 8728.845864284916,
    "p50": 3633.0546500103083,
    "p95": 34884.825820004335,
    "n": 14
  },
  "node_latency_by_kind": {
    "extract_preferences": {
      "sum_ms": 6.063999957405031,
      "max_ms": 3.3916999818757176,
      "count": 14
    },
    "guard": {
      "sum_ms": 3.284699865616858,
      "max_ms": 2.4801999679766595,
      "count": 14
    },
    "agent": {
      "sum_ms": 60821.583600132726,
      "max_ms": 4010.904800030403,
      "count": 32
    },
    "execute_tools": {
      "sum_ms": 58675.344399991445,
      "max_ms": 28910.600500006694,
      "count": 20
    },
    "format_output_fc": {
      "sum_ms": 1.301600132137537,
      "max_ms": 0.16330002108588815,
      "count": 14
    },
    "critic": {
      "sum_ms": 2236.451000033412,
      "max_ms": 2215.141099994071,
      "count": 11
    }
  },
  "slowest_cases": [
    {
      "run_id": "H2#r1#routed_models",
      "case_id": "H2",
      "category": "H_guard_regression",
      "config": "routed_models",
      "latency_ms": 34961.13529999275,
      "llm_calls": 2,
      "tool_batches": 1,
      "spans": [
        {
          "node": "extract_preferences",
          "ms": 0.2440999960526824,
          "seq": 0
        },
        {
          "node": "guard",
          "ms": 0.07840001489967108,
          "seq": 1
        },
        {
          "node": "agent",
          "ms": 1998.5085000516847,
          "seq": 2
        },
        {
          "node": "execute_tools",
          "ms": 28910.600500006694,
          "seq": 3
        },
        {
          "node": "agent",
          "ms": 4010.904800030403,
          "seq": 4
        },
        {
          "node": "critic",
          "ms": 5.584600032307208,
          "seq": 5
        },
        {
          "node": "format_output_fc",
          "ms": 0.08110003545880318,
          "seq": 6
        }
      ]
    },
    {
      "run_id": "H3#r1#routed_models",
      "case_id": "H3",
      "category": "H_guard_regression",
      "config": "routed_models",
      "latency_ms": 34843.736100010574,
      "llm_calls": 11,
      "tool_batches": 10,
      "spans": [
        {
          "node": "extract_preferences",
          "ms": 0.17529999604448676,
          "seq": 0
        },
        {
          "node": "guard",
          "ms": 0.04650000482797623,
          "seq": 1
        },
        {
          "node": "agent",
          "ms": 1289.2040999722667,
          "seq": 2
        },
        {
          "node": "execute_tools",
          "ms": 2064.4193000043742,
          "seq": 3
        },
        {
          "node": "agent",
          "ms": 1528.7751000141725,
          "seq": 4
        },
        {
          "node": "execute_tools",
          "ms": 2076.6480999882333,
          "seq": 5
        },
        {
          "node": "agent",
          "ms": 1214.7146000061184,
          "seq": 6
        },
        {
          "node": "execute_tools",
          "ms": 2075.735699967481,
          "seq": 7
        },
        {
          "node": "agent",
          "ms": 1198.606899997685,
          "seq": 8
        },
        {
          "node": "execute_tools",
          "ms": 2027.780000003986,
          "seq": 9
        },
        {
          "node": "agent",
          "ms": 1243.5868000029586,
          "seq": 10
        },
        {
          "node": "execute_tools",
          "ms": 2055.942500010133,
          "seq": 11
        },
        {
          "node": "agent",
          "ms": 1165.1943000033498,
          "seq": 12
        },
        {
          "node": "execute_tools",
          "ms": 2058.831000002101,
          "seq": 13
        },
        {
          "node": "agent",
          "ms": 1159.42450001603,
          "seq": 14
        },
        {
          "node": "execute_tools",
          "ms": 2049.293900025077,
          "seq": 15
        },
        {
          "node": "agent",
          "ms": 1332.3911000043154,
          "seq": 16
        },
        {
          "node": "execute_tools",
          "ms": 2063.53369995486,
          "seq": 17
        },
        {
          "node": "agent",
          "ms": 1221.4084000443108,
          "seq": 18
        },
        {
          "node": "execute_tools",
          "ms": 2073.566999984905,
          "seq": 19
        },
        {
          "node": "agent",
          "ms": 1269.0652000019327,
          "seq": 20
        },
        {
          "node": "execute_tools",
          "ms": 2066.64739997359,
          "seq": 21
        },
        {
          "node": "agent",
          "ms": 1548.5610999749042,
          "seq": 22
        },
        {
          "node": "critic",
          "ms": 1.6499999910593033,
          "seq": 23
        },
        {
          "node": "format_output_fc",
          "ms": 0.06449996726587415,
          "seq": 24
        }
      ]
    },
    {
      "run_id": "H1#r1#routed_models",
      "case_id": "H1",
      "category": "H_guard_regression",
      "config": "routed_models",
      "latency_ms": 13528.500100015663,
      "llm_calls": 3,
      "tool_batches": 2,
      "spans": [
        {
          "node": "extract_preferences",
          "ms": 3.3916999818757176,
          "seq": 0
        },
        {
          "node": "guard",
          "ms": 2.4801999679766595,
          "seq": 1
        },
        {
          "node": "agent",
          "ms": 2823.2166999951005,
          "seq": 2
        },
        {
          "node": "execute_tools",
          "ms": 354.260099993553,
          "seq": 3
        },
        {
          "node": "agent",
          "ms": 2283.338500012178,
          "seq": 4
        },
        {
          "node": "execute_tools",
          "ms": 4757.120500027668,
          "seq": 5
        },
        {
          "node": "agent",
          "ms": 3264.379200001713,
          "seq": 6
        },
        {
          "node": "format_output_fc",
          "ms": 0.16000005416572094,
          "seq": 7
        }
      ]
    },
    {
      "run_id": "H13#r1#routed_models",
      "case_id": "H13",
      "category": "H_guard_regression",
      "config": "routed_models",
      "latency_ms": 11706.077199953143,
      "llm_calls": 4,
      "tool_batches": 1,
      "spans": [
        {
          "node": "extract_preferences",
          "ms": 0.32970000756904483,
          "seq": 0
        },
        {
          "node": "guard",
          "ms": 0.05719996988773346,