{
  "config": "routed_models",
  "arch": "fc_loop",
  "mode": "live",
  "offline": false,
  "repeats": 1,
  "n_cases_selected": 14,
  "n_runs": 14,
  "passed": {
    "num": 12,
    "den": 14,
    "display": "12/14",
    "rate": 0.8571428571428571
  },
  "task_completion": {
    "num": 14,
    "den": 14,
    "display": "14/14",
    "rate": 1.0
  },
  "route_accuracy": {
    "num": 10,
    "den": 14,
    "display": "10/14",
    "rate": 0.7142857142857143
  },
  "forbidden_tool_rate": {
    "num": 0,
    "den": 14,
    "display": "0/14",
    "rate": 0.0
  },
  "duplicate_call_rate": {
    "num": 0,
    "den": 14,
    "display": "0/14",
    "rate": 0.0
  },
  "loop_exhaustion_rate": {
    "num": 0,
    "den": 14,
    "display": "0/14",
    "rate": 0.0
  },
  "schema_failure_rate": {
    "num": 0,
    "den": 14,
    "display": "0/14",
    "rate": 0.0
  },
  "hard_gate": {
    "total": 14,
    "passed": 12,
    "failed_case_ids": [
      "H2",
      "H12"
    ]
  },
  "gate_passed": false,
  "constraints": {
    "num": 27,
    "den": 29,
    "display": "27/29",
    "rate": 0.9310344827586207
  },
  "grounded_rate": {
    "num": 9,
    "den": 11,
    "display": "9/11",
    "rate": 0.8181818181818182
  },
  "money_grounded_rate": {
    "num": 7,
    "den": 8,
    "display": "7/8",
    "rate": 0.875
  },
  "contradicted_claims": 0,
  "source_coverage": {
    "num": 8,
    "den": 11,
    "display": "8/11",
    "rate": 0.7272727272727273
  },
  "critic_triggers": 13,
  "critic_repairs": 1,
  "latency_ms": {
    "mean": 8173.089492862346,
    "p50": 4086.885600001551,
    "p95": 26534.032399990243,
    "n": 14
  },
  "node_latency_by_kind": {
    "extract_preferences": {
      "sum_ms": 5.940700066275895,
      "max_ms": 2.667599997948855,
      "count": 14
    },
    "guard": {
      "sum_ms": 3.347500110976398,
      "max_ms": 2.5420000310987234,
      "count": 14
    },
    "agent": {
      "sum_ms": 56234.03419990791,
      "max_ms": 5604.288999980781,
      "count": 27
    },
    "execute_tools": {
      "sum_ms": 56123.67530015763,
      "max_ms": 30211.862299998756,
      "count": 15
    },
    "critic": {
      "sum_ms": 1553.8025999558158,
      "max_ms": 1527.5985000189394,
      "count": 12
    },
    "format_output_fc": {
      "sum_ms": 1.2833000509999692,
      "max_ms": 0.23090001195669174,
      "count": 14
    }
  },
  "slowest_cases": [
    {
      "run_id": "H2#r1#routed_models",
      "case_id": "H2",
      "category": "H_guard_regression",
      "config": "routed_models",
      "latency_ms": 35384.72360000014,
      "llm_calls": 3,
      "tool_batches": 0,
      "spans": [
        {
          "node": "extract_preferences",
          "ms": 0.2161000156775117,
          "seq": 0
        },
        {
          "node": "guard",
          "ms": 0.05460000829771161,
          "seq": 1
        },
        {
          "node": "agent",
          "ms": 1327.3457000032067,
          "seq": 2
        },
        {
          "node": "execute_tools",
          "ms": 30211.862299998756,
          "seq": 3
        },
        {
          "node": "agent",
          "ms": 1408.7403999874368,
          "seq": 4
        },
        {
          "node": "execute_tools",
          "ms": 0.533799990080297,
          "seq": 5
        },
        {
          "node": "agent",
          "ms": 2393.605299992487,
          "seq": 6
        },
        {
          "node": "critic",
          "ms": 1.2927999487146735,
          "seq": 7
        },
        {
          "node": "format_output_fc",
          "ms": 0.10240002302452922,
          "seq": 8
        }
      ]
    },
    {
      "run_id": "H1#r1#routed_models",
      "case_id": "H1",
      "category": "H_guard_regression",
      "config": "routed_models",
      "latency_ms": 21768.275599984918,
      "llm_calls": 4,
      "tool_batches": 3,
      "spans": [
        {
          "node": "extract_preferences",
          "ms": 2.667599997948855,
          "seq": 0
        },
        {
          "node": "guard",
          "ms": 2.5420000310987234,
          "seq": 1
        },
        {
          "node": "agent",
          "ms": 3037.8513999748975,
          "seq": 2
        },
        {
          "node": "execute_tools",
          "ms": 5347.788899962325,
          "seq": 3
        },
        {
          "node": "agent",
          "ms": 1962.2173000243492,
          "seq": 4
        },
        {
          "node": "execute_tools",
          "ms": 2040.342900028918,
          "seq": 5
        },
        {
          "node": "agent",
          "ms": 1640.3583000064828,
          "seq": 6
        },
        {
          "node": "execute_tools",
          "ms": 2070.926500018686,
          "seq": 7
        },
        {
          "node": "agent",
          "ms": 5604.288999980781,
          "seq": 8
        },
        {
          "node": "critic",
          "ms": 1.5618999605067074,
          "seq": 9
        },
        {
          "node": "format_output_fc",
          "ms": 0.23090001195669174,
          "seq": 10
        }
      ]
    },
    {
      "run_id": "H3#r1#routed_models",
      "case_id": "H3",
      "category": "H_guard_regression",
      "config": "routed_models",
      "latency_ms": 14684.284500021022,
      "llm_calls": 5,
      "tool_batches": 3,
      "spans": [
        {
          "node": "extract_preferences",
          "ms": 0.27570000384002924,
          "seq": 0
        },
        {
          "node": "guard",
          "ms": 0.07270002970471978,
          "seq": 1
        },
        {
          "node": "agent",
          "ms": 1035.3604999836534,
          "seq": 2
        },
        {
          "node": "execute_tools",
          "ms": 2055.411599983927,
          "seq": 3
        },
        {
          "node": "agent",
          "ms": 1082.3445999994874,
          "seq": 4
        },
        {
          "node": "execute_tools",
          "ms": 2045.4123000381514,
          "seq": 5
        },
        {
          "node": "agent",
          "ms": 993.2605999638326,
          "seq": 6
        },
        {
          "node": "execute_tools",
          "ms": 2045.1873000129126,
          "seq": 7
        },
        {
          "node": "agent",
          "ms": 3863.918000017293,
          "seq": 8
        },
        {
          "node": "critic",
          "ms": 1527.5985000189394,
          "seq": 9
        },
        {
          "node": "format_output_fc",
          "ms": 0.05050003528594971,
          "seq": 10
        }
      ]
    },
    {
      "run_id": "H5#r1#routed_models",
      "case_id": "H5",
      "category": "H_guard_regression",
      "config": "routed_models",
      "latency_ms": 10208.422600000631,
      "llm_calls": 2,
      "tool_batches": 1,
      "spans": [
        {
          "node": "extract_preferences",
          "ms": 0.30010001501068473,
          "seq": 0
        },
        {
          "node": "guard",
          "ms": 0.06649998249486089,
          "seq": 1
        },
        {
          "node": "agent",
          "ms": 1296.2445999728516,
          "seq": 2
        },
        {
          "node": "execute_tools",
          "ms": 4988.469800038729,
          "seq": 3
        },
        {
          "node": "agent",
          "ms": 3881.2716000247747,
          "seq": 4
        },
        {
          "node": "critic",
          "ms": 6.889699958264828,
          "seq": 5
        },
        {
          "node": "format_output_fc",
          "ms": 0.09159999899566174,
          "seq": 6
        }
      ]
    },
    {
      "run_id": "H13#r1#routed_models",
      "case_id": "H13",
      "category": "H_guard_regression",
      "config": "routed_models",
      "latency_ms": 8281.268299964722,
      "llm_calls": 3,
      "tool_batches": 1,
      "spans": [
        {
          "node": "extract_preferences",
          "ms": 0.2733999863266945,
          "seq": 0
        },
        {
          "node": "guard",
          "ms": 0.06530003156512976,