{
  "config": "routed_models",
  "arch": "fc_loop",
  "mode": "live",
  "offline": false,
  "repeats": 1,
  "n_cases_selected": 98,
  "n_runs": 98,
  "passed": {
    "num": 49,
    "den": 98,
    "display": "49/98",
    "rate": 0.5
  },
  "task_completion": {
    "num": 98,
    "den": 98,
    "display": "98/98",
    "rate": 1.0
  },
  "route_accuracy": {
    "num": 78,
    "den": 98,
    "display": "78/98",
    "rate": 0.7959183673469388
  },
  "forbidden_tool_rate": {
    "num": 4,
    "den": 98,
    "display": "4/98",
    "rate": 0.04081632653061224
  },
  "duplicate_call_rate": {
    "num": 0,
    "den": 98,
    "display": "0/98",
    "rate": 0.0
  },
  "loop_exhaustion_rate": {
    "num": 1,
    "den": 98,
    "display": "1/98",
    "rate": 0.01020408163265306
  },
  "schema_failure_rate": {
    "num": 0,
    "den": 98,
    "display": "0/98",
    "rate": 0.0
  },
  "hard_gate": {
    "total": 0,
    "passed": 0,
    "failed_case_ids": []
  },
  "gate_passed": true,
  "constraints": {
    "num": 253,
    "den": 321,
    "display": "253/321",
    "rate": 0.7881619937694704
  },
  "grounded_rate": {
    "num": 223,
    "den": 311,
    "display": "223/311",
    "rate": 0.7170418006430869
  },
  "money_grounded_rate": {
    "num": 149,
    "den": 180,
    "display": "149/180",
    "rate": 0.8277777777777777
  },
  "contradicted_claims": 17,
  "source_coverage": {
    "num": 182,
    "den": 311,
    "display": "182/311",
    "rate": 0.5852090032154341
  },
  "critic_triggers": 105,
  "critic_repairs": 10,
  "latency_ms": {
    "mean": 8634.025821427824,
    "p50": 4609.412299992982,
    "p95": 32972.85240997437,
    "n": 98
  },
  "node_latency_by_kind": {
    "extract_preferences": {
      "sum_ms": 68.55150015326217,
      "max_ms": 10.853199986740947,
      "count": 98
    },
    "guard": {
      "sum_ms": 15.897699864581227,
      "max_ms": 3.34689998999238,
      "count": 98
    },
    "agent": {
      "sum_ms": 530967.0730001526,
      "max_ms": 12752.076000033412,
      "count": 234
    },
    "execute_tools": {
      "sum_ms": 290201.828199788,
      "max_ms": 38939.757099957205,
      "count": 136
    },
    "critic": {
      "sum_ms": 20382.933300279547,
      "max_ms": 3017.157100024633,
      "count": 95
    },
    "format_output_fc": {
      "sum_ms": 17.30370055884123,
      "max_ms": 0.8793000015430152,
      "count": 98
    }
  },
  "slowest_cases": [
    {
      "run_id": "E6#r1#routed_models",
      "case_id": "E6",
      "category": "E_multi_constraint",
      "config": "routed_models",
      "latency_ms": 61899.759499996435,
      "llm_calls": 11,
      "tool_batches": 8,
      "spans": [
        {
          "node": "extract_preferences",
          "ms": 0.6759000243619084,
          "seq": 0
        },
        {
          "node": "guard",
          "ms": 0.1249000197276473,
          "seq": 1
        },
        {
          "node": "agent",
          "ms": 2123.002299980726,
          "seq": 2
        },
        {
          "node": "execute_tools",
          "ms": 5593.890699965414,
          "seq": 3
        },
        {
          "node": "agent",
          "ms": 2929.4806999969296,
          "seq": 4
        },
        {
          "node": "execute_tools",
          "ms": 3880.245800013654,
          "seq": 5
        },
        {
          "node": "agent",
          "ms": 2734.236999996938,
          "seq": 6
        },
        {
          "node": "execute_tools",
          "ms": 2604.079099954106,
          "seq": 7
        },
        {
          "node": "agent",
          "ms": 1721.3172999909148,
          "seq": 8
        },
        {
          "node": "execute_tools",
          "ms": 20007.019600016065,
          "seq": 9
        },
        {
          "node": "agent",
          "ms": 1767.7197000011802,
          "seq": 10
        },
        {
          "node": "execute_tools",
          "ms": 10.813200031407177,
          "seq": 11
        },
        {
          "node": "agent",
          "ms": 1989.2538000131026,
          "seq": 12
        },
        {
          "node": "execute_tools",
          "ms": 0.45650004176422954,
          "seq": 13
        },
        {
          "node": "agent",
          "ms": 1573.2956999563612,
          "seq": 14
        },
        {
          "node": "execute_tools",
          "ms": 10.60519996099174,
          "seq": 15
        },
        {
          "node": "agent",
          "ms": 1769.1026999964379,
          "seq": 16
        },
        {
          "node": "execute_tools",
          "ms": 2047.5598000339232,
          "seq": 17
        },
        {
          "node": "agent",
          "ms": 2082.1882000309415,
          "seq": 18
        },
        {
          "node": "execute_tools",
          "ms": 2927.273699955549,
          "seq": 19
        },
        {
          "node": "agent",
          "ms": 1361.6222999989986,
          "seq": 20
        },
        {
          "node": "execute_tools",
          "ms": 2923.7032999517396,
          "seq": 21
        },
        {
          "node": "agent",
          "ms": 1737.017499981448,
          "seq": 22
        },
        {
          "node": "critic",
          "ms": 12.544500001240522,
          "seq": 23
        },
        {
          "node": "format_output_fc",
          "ms": 0.11000002268701792,
          "seq": 24
        }
      ]
    },
    {
      "run_id": "E1#r1#routed_models",
      "case_id": "E1",
      "category": "E_multi_constraint",
      "config": "routed_models",
      "latency_ms": 60824.82560002245,
      "llm_calls": 6,
      "tool_batches": 4,
      "spans": [
        {
          "node": "extract_preferences",
          "ms": 0.6664000102318823,
          "seq": 0
        },
        {
          "node": "guard",
          "ms": 0.13689999468624592,
          "seq": 1
        },
        {
          "node": "agent",
          "ms": 1622.9082000209019,
          "seq": 2
        },
        {
          "node": "execute_tools",
          "ms": 7585.923600010574,
          "seq": 3
        },
        {
          "node": "agent",
          "ms": 3625.4119999939576,
          "seq": 4
        },
        {
          "node": "execute_tools",
          "ms": 20018.581999989692,
          "seq": 5
        },
        {
          "node": "agent",
          "ms": 2605.9713000431657,
          "seq": 6
        },
        {
          "node": "execute_tools",
          "ms": 9.600199991837144,
          "seq": 7
        },
        {
          "node": "agent",
          "ms": 1871.98769999668,
          "seq": 8
        },
        {
          "node": "execute_tools",
          "ms": 12407.11959998589,
          "seq": 9
        },
        {
          "node": "agent",
          "ms": 3583.996000001207,
          "seq": 10
        },
        {
          "node": "execute_tools",
          "ms": 0.1943999668583274,
          "seq": 11
        },
        {
          "node": "agent",
          "ms": 7418.815599987283,
          "seq": 12
        },
        {
          "node": "critic",
          "ms": 13.290599978063256,
          "seq": 13
        },
        {
          "node": "format_output_fc",
          "ms": 0.4061999497935176,
          "seq": 14
        }
      ]
    },
    {
      "run_id": "E11#r1#routed_models",
      "case_id": "E11",
      "category": "E_multi_constraint",
      "config": "routed_models",
      "latency_ms": 52448.7827999983,
      "llm_calls": 5,
      "tool_batches": 3,
      "spans": [
        {
          "node": "extract_preferences",
          "ms": 0.5991000216454268,
          "seq": 0
        },
        {
          "node": "guard",
          "ms": 0.13639999087899923,
          "seq": 1
        },
        {
          "node": "agent",
          "ms": 2384.8977999878116,
          "seq": 2
        },
        {
          "node": "execute_tools",
          "ms": 4504.151300003286,
          "seq": 3
        },
        {
          "node": "agent",
          "ms": 2347.4132000119425,