{
  "config": "routed_models",
  "arch": "fc_loop",
  "mode": "live",
  "offline": false,
  "repeats": 1,
  "n_cases_selected": 98,
  "n_runs": 98,
  "passed": {
    "num": 46,
    "den": 98,
    "display": "46/98",
    "rate": 0.46938775510204084
  },
  "task_completion": {
    "num": 98,
    "den": 98,
    "display": "98/98",
    "rate": 1.0
  },
  "route_accuracy": {
    "num": 79,
    "den": 98,
    "display": "79/98",
    "rate": 0.8061224489795918
  },
  "forbidden_tool_rate": {
    "num": 5,
    "den": 98,
    "display": "5/98",
    "rate": 0.05102040816326531
  },
  "duplicate_call_rate": {
    "num": 0,
    "den": 98,
    "display": "0/98",
    "rate": 0.0
  },
  "loop_exhaustion_rate": {
    "num": 0,
    "den": 98,
    "display": "0/98",
    "rate": 0.0
  },
  "schema_failure_rate": {
    "num": 0,
    "den": 98,
    "display": "0/98",
    "rate": 0.0
  },
  "hard_gate": {
    "total": 0,
    "passed": 0,
    "failed_case_ids": []
  },
  "gate_passed": true,
  "constraints": {
    "num": 252,
    "den": 321,
    "display": "252/321",
    "rate": 0.7850467289719626
  },
  "grounded_rate": {
    "num": 230,
    "den": 304,
    "display": "230/304",
    "rate": 0.756578947368421
  },
  "money_grounded_rate": {
    "num": 159,
    "den": 184,
    "display": "159/184",
    "rate": 0.8641304347826086
  },
  "contradicted_claims": 11,
  "source_coverage": {
    "num": 191,
    "den": 304,
    "display": "191/304",
    "rate": 0.6282894736842105
  },
  "critic_triggers": 106,
  "critic_repairs": 10,
  "latency_ms": {
    "mean": 8571.957525513277,
    "p50": 4938.654449972091,
    "p95": 33782.80346497481,
    "n": 98
  },
  "node_latency_by_kind": {
    "extract_preferences": {
      "sum_ms": 54.33339992305264,
      "max_ms": 7.326900027692318,
      "count": 98
    },
    "guard": {
      "sum_ms": 11.899500503204763,
      "max_ms": 2.4827999877743423,
      "count": 98
    },
    "agent": {
      "sum_ms": 527579.2129998445,
      "max_ms": 12122.2072999808,
      "count": 235
    },
    "execute_tools": {
      "sum_ms": 284501.57010013936,
      "max_ms": 28694.292399974074,
      "count": 137
    },
    "critic": {
      "sum_ms": 24213.734299701173,
      "max_ms": 4657.641500001773,
      "count": 96
    },
    "format_output_fc": {
      "sum_ms": 13.220000313594937,
      "max_ms": 0.45270001282915473,
      "count": 98
    }
  },
  "slowest_cases": [
    {
      "run_id": "E6#r1#routed_models",
      "case_id": "E6",
      "category": "E_multi_constraint",
      "config": "routed_models",
      "latency_ms": 64312.7480999683,
      "llm_calls": 7,
      "tool_batches": 5,
      "spans": [
        {
          "node": "extract_preferences",
          "ms": 0.3895999980159104,
          "seq": 0
        },
        {
          "node": "guard",
          "ms": 0.08109997725114226,
          "seq": 1
        },
        {
          "node": "agent",
          "ms": 2035.8651999849826,
          "seq": 2
        },
        {
          "node": "execute_tools",
          "ms": 5190.542299998924,
          "seq": 3
        },
        {
          "node": "agent",
          "ms": 3101.040000037756,
          "seq": 4
        },
        {
          "node": "execute_tools",
          "ms": 20008.722300000954,
          "seq": 5
        },
        {
          "node": "agent",
          "ms": 2795.931999979075,
          "seq": 6
        },
        {
          "node": "execute_tools",
          "ms": 1494.8336000088602,
          "seq": 7
        },
        {
          "node": "agent",
          "ms": 2681.092099985108,
          "seq": 8
        },
        {
          "node": "execute_tools",
          "ms": 1209.5416000229307,
          "seq": 9
        },
        {
          "node": "agent",
          "ms": 2898.161999997683,
          "seq": 10
        },
        {
          "node": "execute_tools",
          "ms": 12121.441300027072,
          "seq": 11
        },
        {
          "node": "agent",
          "ms": 3181.2252000090666,
          "seq": 12
        },
        {
          "node": "execute_tools",
          "ms": 0.22950000129640102,
          "seq": 13
        },
        {
          "node": "agent",
          "ms": 7534.055800002534,
          "seq": 14
        },
        {
          "node": "critic",
          "ms": 8.60059994738549,
          "seq": 15
        },
        {
          "node": "format_output_fc",
          "ms": 0.31319999834522605,
          "seq": 16
        }
      ]
    },
    {
      "run_id": "E5#r1#routed_models",
      "case_id": "E5",
      "category": "E_multi_constraint",
      "config": "routed_models",
      "latency_ms": 57233.69499994442,
      "llm_calls": 13,
      "tool_batches": 5,
      "spans": [
        {
          "node": "extract_preferences",
          "ms": 0.22119999630376697,
          "seq": 0
        },
        {
          "node": "guard",
          "ms": 0.06930000381544232,
          "seq": 1
        },
        {
          "node": "agent",
          "ms": 1906.572400010191,
          "seq": 2
        },
        {
          "node": "execute_tools",
          "ms": 2194.7651999653317,
          "seq": 3
        },
        {
          "node": "agent",
          "ms": 1582.300700014457,
          "seq": 4
        },
        {
          "node": "execute_tools",
          "ms": 2073.2573000132106,
          "seq": 5
        },
        {
          "node": "agent",
          "ms": 1261.750299949199,
          "seq": 6
        },
        {
          "node": "execute_tools",
          "ms": 2079.341900011059,
          "seq": 7
        },
        {
          "node": "agent",
          "ms": 1293.8947000075132,
          "seq": 8
        },
        {
          "node": "execute_tools",
          "ms": 2073.592800006736,
          "seq": 9
        },
        {
          "node": "agent",
          "ms": 2494.7436999646015,
          "seq": 10
        },
        {
          "node": "execute_tools",
          "ms": 20010.362399974838,
          "seq": 11
        },
        {
          "node": "agent",
          "ms": 4439.784999995027,
          "seq": 12
        },
        {
          "node": "execute_tools",
          "ms": 0.2145000034943223,
          "seq": 13
        },
        {
          "node": "agent",
          "ms": 1602.5232000392862,
          "seq": 14
        },
        {
          "node": "execute_tools",
          "ms": 2071.3895999942906,
          "seq": 15
        },
        {
          "node": "agent",
          "ms": 2023.1981999822892,
          "seq": 16
        },
        {
          "node": "execute_tools",
          "ms": 0.17740001203492284,
          "seq": 17
        },
        {
          "node": "agent",
          "ms": 5420.412799983751,
          "seq": 18
        },
        {
          "node": "critic",
          "ms": 4657.641500001773,
          "seq": 19
        },
        {
          "node": "format_output_fc",
          "ms": 0.1254999660886824,
          "seq": 20
        }
      ]
    },
    {
      "run_id": "E1#r1#routed_models",
      "case_id": "E1",
      "category": "E_multi_constraint",
      "config": "routed_models",
      "latency_ms": 56608.49280003458,
      "llm_calls": 6,
      "tool_batches": 4,
      "spans": [
        {
          "node": "extract_preferences",
          "ms": 1.4129000483080745,
          "seq": 0
        },
        {
          "node": "guard",
          "ms": 0.21670002024620771,
          "seq": 1
        },
        {
          "node": "agent",
          "ms": 1889.873499982059,
          "seq": 2
        },
        {
          "node": "execute_tools",
          "ms": 6218.018000014126,
          "seq": 3
        },
        {
          "node": "agent",
          "ms": 2477.6341000106186,
          "seq": 4
        },
        {
          "node": "execute_tools",
          "ms": 19990.899400028866,
          "seq": 5
        },
        {
          "node": "agent",
          "ms": 2369.548099988606,